{
  "hash": "de4d85bc",
  "configHash": "14f9f28a",
  "lockfileHash": "a61d93d7",
  "browserHash": "ebe9ff7e",
  "optimized": {
    "@angular/common/http": {
      "src": "../../../../../../node_modules/@angular/common/fesm2022/http.mjs",
      "file": "@angular_common_http.js",
      "fileHash": "e0c2f868",
      "needsInterop": false
    },
    "@angular/core": {
      "src": "../../../../../../node_modules/@angular/core/fesm2022/core.mjs",
      "file": "@angular_core.js",
      "fileHash": "5201c07a",
      "needsInterop": false
    },
    "@angular/platform-browser": {
      "src": "../../../../../../node_modules/@angular/platform-browser/fesm2022/platform-browser.mjs",
      "file": "@angular_platform-browser.js",
      "fileHash": "0c9e683c",
      "needsInterop": false
    },
    "@angular/router": {
      "src": "../../../../../../node_modules/@angular/router/fesm2022/router.mjs",
      "file": "@angular_router.js",
      "fileHash": "de400199",
      "needsInterop": false
    }
  },
  "chunks": {
    "chunk-I22THTPC": {
      "file": "chunk-I22THTPC.js"
    },
    "chunk-STCXR2KC": {
      "file": "chunk-STCXR2KC.js"
    },
    "chunk-ZTK5XKYS": {
      "file": "chunk-ZTK5XKYS.js"
    }
  }
}